{"sessionId":"ff53e1f1-5f8d-4383-9ef6-d35c63e8fa12","nickname":"Two","x":0,"y":0,"z":45.61414453179318,"rx":0,"ry":3.141592653589793,"rz":0,"avatarId":4,"t":1771797235810}